label,trace,samples,median_ms,min_ms,max_ms,exit_codes,success,timeout,argv,cwd
root-repository-mode,False,3,34.495,33.74,35.998,"0,0,0",True,False,"['node', '/Users/zhudaoming/Projects/yss-spec-project-template/scripts/repository-mode']",/Users/zhudaoming/Projects/yss-spec-project-template
root-verify-context-contract,False,3,46.267,46.224,52.767,"0,0,0",True,False,"['node', '/Users/zhudaoming/Projects/yss-spec-project-template/scripts/verify-context-contract', '--root', '/Users/zhudaoming/Projects/yss-spec-project-template', '--json']",/Users/zhudaoming/Projects/yss-spec-project-template
root-query-lifecycle-context,False,3,86.951,86.567,91.697,"0,0,0",True,False,"['node', '/Users/zhudaoming/Projects/yss-spec-project-template/scripts/query-lifecycle-context', '--mode', 'route']",/Users/zhudaoming/Projects/yss-spec-project-template
yss-harness-design-agent-repository-mode,False,3,31.789,31.105,34.701,"0,0,0",True,False,"['node', '/Users/zhudaoming/Projects/yss-spec-project-template/submodules/yss-harness-design-agent/scripts/repository-mode']",/Users/zhudaoming/Projects/yss-spec-project-template/submodules/yss-harness-design-agent
yss-harness-design-agent-verify-context-contract,False,3,35.952,35.939,38.726,"0,0,0",True,False,"['node', '/Users/zhudaoming/Projects/yss-spec-project-template/submodules/yss-harness-design-agent/scripts/verify-context-contract', '--root', '/Users/zhudaoming/Projects/yss-spec-project-template/submodules/yss-harness-design-agent', '--json']",/Users/zhudaoming/Projects/yss-spec-project-template/submodules/yss-harness-design-agent
yss-harness-design-agent-query-lifecycle-context,False,3,68.788,68.25,73.116,"0,0,0",True,False,"['node', '/Users/zhudaoming/Projects/yss-spec-project-template/submodules/yss-harness-design-agent/scripts/query-lifecycle-context', '--mode', 'route']",/Users/zhudaoming/Projects/yss-spec-project-template/submodules/yss-harness-design-agent
yss-harness-dev-agent-repository-mode,False,3,33.873,33.18,33.915,"0,0,0",True,False,"['node', '/Users/zhudaoming/Projects/yss-spec-project-template/submodules/yss-harness-dev-agent/scripts/repository-mode']",/Users/zhudaoming/Projects/yss-spec-project-template/submodules/yss-harness-dev-agent
yss-harness-dev-agent-verify-context-contract,False,3,48.989,48.201,58.69,"1,1,1",False,False,"['node', '/Users/zhudaoming/Projects/yss-spec-project-template/submodules/yss-harness-dev-agent/scripts/verify-context-contract', '--root', '/Users/zhudaoming/Projects/yss-spec-project-template/submodules/yss-harness-dev-agent', '--json']",/Users/zhudaoming/Projects/yss-spec-project-template/submodules/yss-harness-dev-agent
yss-harness-backend-agent-repository-mode,False,3,33.654,32.495,34.803,"0,0,0",True,False,"['node', '/Users/zhudaoming/Projects/yss-spec-project-template/submodules/yss-harness-backend-agent/scripts/repository-mode']",/Users/zhudaoming/Projects/yss-spec-project-template/submodules/yss-harness-backend-agent
yss-harness-backend-agent-verify-context-contract,False,3,39.64,37.07,41.079,"1,1,1",False,False,"['node', '/Users/zhudaoming/Projects/yss-spec-project-template/submodules/yss-harness-backend-agent/scripts/verify-context-contract', '--root', '/Users/zhudaoming/Projects/yss-spec-project-template/submodules/yss-harness-backend-agent', '--json']",/Users/zhudaoming/Projects/yss-spec-project-template/submodules/yss-harness-backend-agent
yss-harness-frontend-agent-repository-mode,False,3,32.656,30.988,35.544,"0,0,0",True,False,"['node', '/Users/zhudaoming/Projects/yss-spec-project-template/submodules/yss-harness-frontend-agent/scripts/repository-mode']",/Users/zhudaoming/Projects/yss-spec-project-template/submodules/yss-harness-frontend-agent
yss-harness-frontend-agent-verify-context-contract,False,3,40.106,39.973,42.383,"1,1,1",False,False,"['node', '/Users/zhudaoming/Projects/yss-spec-project-template/submodules/yss-harness-frontend-agent/scripts/verify-context-contract', '--root', '/Users/zhudaoming/Projects/yss-spec-project-template/submodules/yss-harness-frontend-agent', '--json']",/Users/zhudaoming/Projects/yss-spec-project-template/submodules/yss-harness-frontend-agent
create-yss-spec-template-repository-mode,False,3,32.385,31.454,36.229,"0,0,0",True,False,"['node', '/Users/zhudaoming/Projects/yss-spec-project-template/submodules/create-yss-spec/template/scripts/repository-mode']",/Users/zhudaoming/Projects/yss-spec-project-template/submodules/create-yss-spec/template
create-yss-spec-template-verify-context-contract,False,3,80.886,80.646,270.226,"0,0,0",True,False,"['node', '/Users/zhudaoming/Projects/yss-spec-project-template/submodules/create-yss-spec/template/scripts/verify-context-contract', '--root', '/Users/zhudaoming/Projects/yss-spec-project-template/submodules/create-yss-spec/template', '--json']",/Users/zhudaoming/Projects/yss-spec-project-template/submodules/create-yss-spec/template
create-yss-spec-template-query-lifecycle-context,False,3,88.309,87.037,95.563,"0,0,0",True,False,"['node', '/Users/zhudaoming/Projects/yss-spec-project-template/submodules/create-yss-spec/template/scripts/query-lifecycle-context', '--mode', 'route']",/Users/zhudaoming/Projects/yss-spec-project-template/submodules/create-yss-spec/template
create-yss-strategic-design-template-repository-mode,False,3,32.933,32.198,33.292,"0,0,0",True,False,"['node', '/Users/zhudaoming/Projects/yss-spec-project-template/submodules/create-yss-strategic-design/template/scripts/repository-mode']",/Users/zhudaoming/Projects/yss-spec-project-template/submodules/create-yss-strategic-design/template
create-yss-strategic-design-template-verify-context-contract,False,3,42.11,41.451,85.889,"0,0,0",True,False,"['node', '/Users/zhudaoming/Projects/yss-spec-project-template/submodules/create-yss-strategic-design/template/scripts/verify-context-contract', '--root', '/Users/zhudaoming/Projects/yss-spec-project-template/submodules/create-yss-strategic-design/template', '--json']",/Users/zhudaoming/Projects/yss-spec-project-template/submodules/create-yss-strategic-design/template
create-yss-strategic-design-template-query-lifecycle-context,False,3,70.021,69.867,73.382,"0,0,0",True,False,"['node', '/Users/zhudaoming/Projects/yss-spec-project-template/submodules/create-yss-strategic-design/template/scripts/query-lifecycle-context', '--mode', 'route']",/Users/zhudaoming/Projects/yss-spec-project-template/submodules/create-yss-strategic-design/template
create-yss-harness-dev-template-repository-mode,False,3,33.089,32.163,34.395,"0,0,0",True,False,"['node', '/Users/zhudaoming/Projects/yss-spec-project-template/submodules/create-yss-harness-dev/template/scripts/repository-mode']",/Users/zhudaoming/Projects/yss-spec-project-template/submodules/create-yss-harness-dev/template
create-yss-harness-dev-template-verify-context-contract,False,3,82.904,81.371,99.469,"1,1,1",False,False,"['node', '/Users/zhudaoming/Projects/yss-spec-project-template/submodules/create-yss-harness-dev/template/scripts/verify-context-contract', '--root', '/Users/zhudaoming/Projects/yss-spec-project-template/submodules/create-yss-harness-dev/template', '--json']",/Users/zhudaoming/Projects/yss-spec-project-template/submodules/create-yss-harness-dev/template
root-sync-skills-check,False,3,96.21,96.2,276.869,"0,0,0",True,False,"['node', 'scripts/sync-skills', '--check']",/Users/zhudaoming/Projects/yss-spec-project-template
root-update-skill-lock-check,False,3,83.979,82.582,213.954,"0,0,0",True,False,"['node', 'scripts/update-skill-lock', '--check']",/Users/zhudaoming/Projects/yss-spec-project-template
python-startup,False,3,14.931,14.744,15.293,"0,0,0",True,False,"['python3', '-c', 'pass']",/Users/zhudaoming/Projects/yss-spec-project-template
python-jsonschema-import,False,3,60.69,60.069,116.555,"0,0,0",True,False,"['python3', '-c', 'from jsonschema import Draft202012Validator']",/Users/zhudaoming/Projects/yss-spec-project-template
isolated-plan-entry,False,3,995.707,988.743,995.947,"0,0,0",True,False,"['node', '.perf-plan-entry.mjs']",/var/folders/8d/60y8vj2j0nn37t4h26zbvvhw0000gn/T/yss-perf-audit-fz0sjnsm/root
trace-plan-entry,True,1,1004.216,1004.216,1004.216,0,True,False,"['node', '.perf-plan-entry.mjs']",/var/folders/8d/60y8vj2j0nn37t4h26zbvvhw0000gn/T/yss-perf-audit-fz0sjnsm/root
isolated-verify-plan-spec-entry-scenarios,False,1,1665.04,1665.04,1665.04,0,True,False,"['node', 'scripts/verify-plan-spec-entry-scenarios']",/var/folders/8d/60y8vj2j0nn37t4h26zbvvhw0000gn/T/yss-perf-audit-fz0sjnsm/root
isolated-verify-context-reconciliation-scenarios,False,1,771.669,771.669,771.669,0,True,False,"['node', 'scripts/verify-context-reconciliation-scenarios']",/var/folders/8d/60y8vj2j0nn37t4h26zbvvhw0000gn/T/yss-perf-audit-fz0sjnsm/root
isolated-verify-lifecycle-transition-scenarios,False,1,1726.646,1726.646,1726.646,0,True,False,"['node', 'scripts/verify-lifecycle-transition-scenarios']",/var/folders/8d/60y8vj2j0nn37t4h26zbvvhw0000gn/T/yss-perf-audit-fz0sjnsm/root
isolated-verify-strategic-handoff-package-scenarios,False,1,20826.652,20826.652,20826.652,0,True,False,"['node', 'scripts/verify-strategic-handoff-package-scenarios']",/var/folders/8d/60y8vj2j0nn37t4h26zbvvhw0000gn/T/yss-perf-audit-fz0sjnsm/root
isolated-verify-frontend-delivery-scenarios,False,1,32023.312,32023.312,32023.312,0,True,False,"['node', 'scripts/verify-frontend-delivery-scenarios']",/var/folders/8d/60y8vj2j0nn37t4h26zbvvhw0000gn/T/yss-perf-audit-fz0sjnsm/root
trace-verify-strategic-handoff-package-scenarios,True,1,23475.108,23475.108,23475.108,0,True,False,"['node', 'scripts/verify-strategic-handoff-package-scenarios']",/var/folders/8d/60y8vj2j0nn37t4h26zbvvhw0000gn/T/yss-perf-audit-fz0sjnsm/root
trace-verify-frontend-delivery-scenarios,True,1,36248.43,36248.43,36248.43,0,True,False,"['node', 'scripts/verify-frontend-delivery-scenarios']",/var/folders/8d/60y8vj2j0nn37t4h26zbvvhw0000gn/T/yss-perf-audit-fz0sjnsm/root
cli-backend-verify-bundle,False,3,212.219,177.65,432.119,"0,0,0",True,False,"['node', 'scripts/verify-bundle.mjs']",/var/folders/8d/60y8vj2j0nn37t4h26zbvvhw0000gn/T/yss-perf-audit-fz0sjnsm/cli-backend
cli-backend-init,False,1,185.936,185.936,185.936,1,False,False,"['node', 'bin/create-yss-harness-backend.js', 'init', '--target-dir', '/var/folders/8d/60y8vj2j0nn37t4h26zbvvhw0000gn/T/yss-perf-audit-fz0sjnsm/cli-backend-instance', '--json']",/var/folders/8d/60y8vj2j0nn37t4h26zbvvhw0000gn/T/yss-perf-audit-fz0sjnsm/cli-backend
trace-cli-backend-verify-bundle,True,1,183.794,183.794,183.794,0,True,False,"['node', 'scripts/verify-bundle.mjs']",/var/folders/8d/60y8vj2j0nn37t4h26zbvvhw0000gn/T/yss-perf-audit-fz0sjnsm/cli-backend
trace-cli-backend-init,True,1,184.098,184.098,184.098,1,False,False,"['node', 'bin/create-yss-harness-backend.js', 'init', '--target-dir', '/var/folders/8d/60y8vj2j0nn37t4h26zbvvhw0000gn/T/yss-perf-audit-fz0sjnsm/trace-cli-backend-instance', '--json']",/var/folders/8d/60y8vj2j0nn37t4h26zbvvhw0000gn/T/yss-perf-audit-fz0sjnsm/cli-backend
cli-frontend-verify-bundle,False,3,219.369,218.67,489.757,"0,0,0",True,False,"['node', 'scripts/verify-bundle.mjs']",/var/folders/8d/60y8vj2j0nn37t4h26zbvvhw0000gn/T/yss-perf-audit-fz0sjnsm/cli-frontend
cli-frontend-init,False,1,250.372,250.372,250.372,1,False,False,"['node', 'bin/create-yss-harness-frontend.js', 'init', '--target-dir', '/var/folders/8d/60y8vj2j0nn37t4h26zbvvhw0000gn/T/yss-perf-audit-fz0sjnsm/cli-frontend-instance', '--json']",/var/folders/8d/60y8vj2j0nn37t4h26zbvvhw0000gn/T/yss-perf-audit-fz0sjnsm/cli-frontend
trace-cli-frontend-verify-bundle,True,1,240.048,240.048,240.048,0,True,False,"['node', 'scripts/verify-bundle.mjs']",/var/folders/8d/60y8vj2j0nn37t4h26zbvvhw0000gn/T/yss-perf-audit-fz0sjnsm/cli-frontend
trace-cli-frontend-init,True,1,226.435,226.435,226.435,1,False,False,"['node', 'bin/create-yss-harness-frontend.js', 'init', '--target-dir', '/var/folders/8d/60y8vj2j0nn37t4h26zbvvhw0000gn/T/yss-perf-audit-fz0sjnsm/trace-cli-frontend-instance', '--json']",/var/folders/8d/60y8vj2j0nn37t4h26zbvvhw0000gn/T/yss-perf-audit-fz0sjnsm/cli-frontend
cli-backend-init-physical-path,False,1,137017.354,137017.354,137017.354,0,True,False,"['node', 'bin/create-yss-harness-backend.js', 'init', '--target-dir', '/private/var/folders/8d/60y8vj2j0nn37t4h26zbvvhw0000gn/T/yss-perf-audit-fz0sjnsm/cli-backend-instance', '--json']",/var/folders/8d/60y8vj2j0nn37t4h26zbvvhw0000gn/T/yss-perf-audit-fz0sjnsm/cli-backend
trace-cli-backend-init-physical-path,True,1,114571.039,114571.039,114571.039,0,True,False,"['node', 'bin/create-yss-harness-backend.js', 'init', '--target-dir', '/private/var/folders/8d/60y8vj2j0nn37t4h26zbvvhw0000gn/T/yss-perf-audit-fz0sjnsm/trace-cli-backend-instance', '--json']",/var/folders/8d/60y8vj2j0nn37t4h26zbvvhw0000gn/T/yss-perf-audit-fz0sjnsm/cli-backend
cli-frontend-init-physical-path,False,1,102734.707,102734.707,102734.707,0,True,False,"['node', 'bin/create-yss-harness-frontend.js', 'init', '--target-dir', '/private/var/folders/8d/60y8vj2j0nn37t4h26zbvvhw0000gn/T/yss-perf-audit-fz0sjnsm/cli-frontend-instance', '--json']",/var/folders/8d/60y8vj2j0nn37t4h26zbvvhw0000gn/T/yss-perf-audit-fz0sjnsm/cli-frontend
trace-cli-frontend-init-physical-path,True,1,100843.315,100843.315,100843.315,0,True,False,"['node', 'bin/create-yss-harness-frontend.js', 'init', '--target-dir', '/private/var/folders/8d/60y8vj2j0nn37t4h26zbvvhw0000gn/T/yss-perf-audit-fz0sjnsm/trace-cli-frontend-instance', '--json']",/var/folders/8d/60y8vj2j0nn37t4h26zbvvhw0000gn/T/yss-perf-audit-fz0sjnsm/cli-frontend
create-yss-spec-sync-template,False,1,3332.178,3332.178,3332.178,0,True,False,"['node', 'scripts/sync-template.js']",/private/var/folders/8d/60y8vj2j0nn37t4h26zbvvhw0000gn/T/yss-perf-audit-fz0sjnsm/create-yss-spec
trace-create-yss-spec-sync-template,True,1,3609.51,3609.51,3609.51,0,True,False,"['node', 'scripts/sync-template.js']",/private/var/folders/8d/60y8vj2j0nn37t4h26zbvvhw0000gn/T/yss-perf-audit-fz0sjnsm/create-yss-spec
create-yss-strategic-design-sync-template,False,1,664.444,664.444,664.444,0,True,False,"['node', 'scripts/sync-template.js']",/private/var/folders/8d/60y8vj2j0nn37t4h26zbvvhw0000gn/T/yss-perf-audit-fz0sjnsm/create-yss-strategic-design
trace-create-yss-strategic-design-sync-template,True,1,640.194,640.194,640.194,0,True,False,"['node', 'scripts/sync-template.js']",/private/var/folders/8d/60y8vj2j0nn37t4h26zbvvhw0000gn/T/yss-perf-audit-fz0sjnsm/create-yss-strategic-design
create-yss-harness-dev-sync-template,False,1,3101.782,3101.782,3101.782,0,True,False,"['node', 'scripts/sync-template.js']",/private/var/folders/8d/60y8vj2j0nn37t4h26zbvvhw0000gn/T/yss-perf-audit-fz0sjnsm/create-yss-harness-dev
trace-create-yss-harness-dev-sync-template,True,1,3559.14,3559.14,3559.14,0,True,False,"['node', 'scripts/sync-template.js']",/private/var/folders/8d/60y8vj2j0nn37t4h26zbvvhw0000gn/T/yss-perf-audit-fz0sjnsm/create-yss-harness-dev
